bead_batch	nearest_dose	pert_dose	pert_dose_unit	pert_idose	pert_itime	pert_time	pert_time_unit	cell_mfc_name	pert_mfc_id	nsample	cc_q75	ss_ngene	tas	pct_self_rank_q25	wt	median_recall_rank_spearman	median_recall_rank_wtcs_50	median_recall_score_spearman	median_recall_score_wtcs_50	batch_effect_tstat	batch_effect_tstat_pct	is_hiq	qc_pass	pert_id	sig_id	pert_type	cell_iname	det_wells	det_plates	distil_ids	build_name	project_code	cmap_name	is_exemplar_sig	is_ncs_sig	is_null_sig
		1.5	uL	1.5 uL	96 h	96.0	h	HA1E	CGS001-1022	3	0.093261	44	0.0647749	0.0	""""""""""""""""""""""""""""""""""	0.0	0.0	0.0	0.0	24.59	86.9078	0	0	CGS001-1022	CGS001_HA1E_96H:CDK7:1.5	trt_sh.cgs	HA1E			KDA003_HA1E_96H:TRCN0000000592:-666|KDA003_HA1E_96H:TRCN0000000594:-666|KDA003_HA1E_96H:TRCN0000000595:-666		CGS	CDK7	1	1.0	0.0
		1.5	uL	1.5 uL	96 h	96.0	h	HEPG2	CGS001-1022	2	0.355747	40	0.120623	0.0	""""""""""""""""""""""""""""""""""	0.0	0.0	0.0	0.0	30.97	92.6213	1	0	CGS001-1022	CGS001_HEPG2_96H:CDK7:1.5	trt_sh.cgs	HEPG2			KDA003_HEPG2_96H:TRCN0000000592:-666|KDA003_HEPG2_96H:TRCN0000000595:-666		CGS	CDK7	1	1.0	0.0
		1.0	uL	1 uL	96 h	96.0	h	HT29	CGS001-1022	2	0.0720839	44	0.0569477	0.0	""""""""""""""""""""""""""""""""""	0.0	0.0	0.0	0.0	34.25	94.7746	0	0	CGS001-1022	CGS001_HT29_96H:CDK7:1	trt_sh.cgs	HT29			KDA003_HT29_96H:TRCN0000000592:-666|KDA003_HT29_96H:TRCN0000000595:-666		CGS	CDK7	1	1.0	0.0
		2.0	uL	2 uL	96 h	96.0	h	PC3	CGS001-1022	3	0.0760403	109	0.0920589	0.0	""""""""""""""""""""""""""""""""""	0.0	0.0	0.0	0.0	32.0	93.3965	0	0	CGS001-1022	CGS001_PC3_96H:CDK7:2	trt_sh.cgs	PC3			KDA003_PC3_96H:TRCN0000000592:-666|KDA003_PC3_96H:TRCN0000000594:-666|KDA003_PC3_96H:TRCN0000000595:-666		CGS	CDK7	1	1.0	0.0
		2.0	uL	2 uL	144 h	144.0	h	MCF7	CGS001-1022	3	-0.0649641	19	0.00440765	0.0	""""""""""""""""""""""""""""""""""	0.0	0.0	0.0	0.0	31.17	92.7936	0	0	CGS001-1022	CGS001_MCF7_144H:CDK7:2	trt_sh.cgs	MCF7			KDA003_MCF7_144H:TRCN0000000592:-666|KDA003_MCF7_144H:TRCN0000000594:-666|KDA003_MCF7_144H:TRCN0000000595:-666		CGS	CDK7	0	0.0	0.0
		2.0	uL	2 uL	96 h	96.0	h	MCF7	CGS001-1022	3	0.0315531	37	0.0345504	0.0	""""""""""""""""""""""""""""""""""	0.0	0.0	0.0	0.0	26.22	89.0037	0	0	CGS001-1022	CGS001_MCF7_96H:CDK7:2	trt_sh.cgs	MCF7			KDA003_MCF7_96H:TRCN0000000592:-666|KDA003_MCF7_96H:TRCN0000000594:-666|KDA003_MCF7_96H:TRCN0000000595:-666		CGS	CDK7	1	1.0	0.0
		5.0	uL	5 uL	120 h	120.0	h	VCAP	CGS001-1022	5	0.126615	87	0.106129	0.0	""""""""""""""""""""""""""""""""""	0.0	0.0	0.0	0.0	28.88	91.2432	0	0	CGS001-1022	CGS001_VCAP_120H:CDK7:5	trt_sh.cgs	VCAP			ERGK001_VCAP_120H:TRCN0000000592:-666|ERGK001_VCAP_120H:TRCN0000000593:-666|ERGK001_VCAP_120H:TRCN0000000594:-666|ERGK001_VCAP_120H:TRCN0000000595:-666|ERGK001_VCAP_120H:TRCN0000000596:-666|KDA003_VCAP_120H:TRCN0000000594:-666|KDA003_VCAP_120H:TRCN0000000595:-666		CGS	CDK7	1	1.0	0.0
		2.0	uL	2 uL	144 h	144.0	h	PC3	CGS001-1022	3	0.226433	163	0.194265	0.0	""""""""""""""""""""""""""""""""""	0.0	0.0	0.0	0.0	14.33	62.7046	1	0	CGS001-1022	CGS001_PC3_144H:CDK7:2	trt_sh.cgs	PC3			KDA003_PC3_144H:TRCN0000000592:-666|KDA003_PC3_144H:TRCN0000000594:-666|KDA003_PC3_144H:TRCN0000000595:-666		CGS	CDK7	0	1.0	0.0
b3					96 h	96.0	h	A375	TRCN0000000595	2	0.38	80	0.176306	0.0	""""""""""""""""""""""""""""""""""	0.795756	0.0	0.383198	0.698607	16.47	69.9397	1	1	TRCN0000000595	KDA003_A375_96H:TRCN0000000595:-666	trt_sh	A375	P15	KDA003_A375_96H_X1_B3_DUO52HI53LO|KDA003_A375_96H_X3_B3_DUO52HI53LO	KDA003_A375_96H_X1_B3_DUO52HI53LO:P15|KDA003_A375_96H_X3_B3_DUO52HI53LO:P15		KDA	CDK7	1	1.0	0.0
f1b4					120 h	120.0	h	VCAP	TRCN0000000595	3	0.35	185	0.257306	0.0	""""""""""""""""""""""""""""""""""	0.0	0.0	0.319612	0.63374	14.72	64.054	1	1	TRCN0000000595	KDA003_VCAP_120H:TRCN0000000595:-666	trt_sh	VCAP	P15	KDA003_VCAP_120H_X1_F1B4_DUO52HI53LO|KDA003_VCAP_120H_X2_F1B4_DUO52HI53LO|KDA003_VCAP_120H_X3_F1B4_DUO52HI53LO	KDA003_VCAP_120H_X1_F1B4_DUO52HI53LO:P15|KDA003_VCAP_120H_X2_F1B4_DUO52HI53LO:P15|KDA003_VCAP_120H_X3_F1B4_DUO52HI53LO:P15		KDA	CDK7	0	1.0	0.0
b1					144 h	144.0	h	PC3	TRCN0000000592	3	0.42	204	0.295985	0.265722	""""""""""""""""""""""""""""""""""	0.0	0.0	0.0	0.0	0.0	0.0	0	1	TRCN0000000592	KDA003_PC3_144H:TRCN0000000592:-666	trt_sh	PC3	F21	KDA003_PC3_144H_X1_B1_DUO44HI45LO|KDA003_PC3_144H_X2_B1_DUO45HI44LO|KDA003_PC3_144H_X3_B1_DUO45HI44LO	KDA003_PC3_144H_X1_B1_DUO44HI45LO:F21|KDA003_PC3_144H_X2_B1_DUO45HI44LO:F21|KDA003_PC3_144H_X3_B1_DUO45HI44LO:F21		KDA	CDK7	0	1.0	0.0
b3					96 h	96.0	h	A549	TRCN0000000595	2	0.17	358	0.249457	4.0146	""""""""""""""""""""""""""""""""""	3.48835	39.4894	0.174165	0.272134	15.21	65.6331	0	0	TRCN0000000595	KDA003_A549_96H:TRCN0000000595:-666	trt_sh	A549	P15	KDA003_A549_96H_X1_B3_DUO52HI53LO|KDA003_A549_96H_X3_B3_DUO52HI53LO	KDA003_A549_96H_X1_B3_DUO52HI53LO:P15|KDA003_A549_96H_X3_B3_DUO52HI53LO:P15		KDA	CDK7	1	1.0	0.0
b1					144 h	144.0	h	PC3	TRCN0000000592	3	0.4176	204	0.295139	0.863596	0.26,0.39,0.35	0.398585	0.530504	0.292016	0.510347	4.46	17.9443	1	1	TRCN0000000592	KDA003_PC3_144H:F21	trt_sh	PC3	F21	KDA003_PC3_144H_X1_B1_DUO44HI45LO|KDA003_PC3_144H_X2_B1_DUO45HI44LO|KDA003_PC3_144H_X3_B1_DUO45HI44LO	KDA003_PC3_144H_X1_B1_DUO44HI45LO:F21|KDA003_PC3_144H_X2_B1_DUO45HI44LO:F21|KDA003_PC3_144H_X3_B1_DUO45HI44LO:F21		KDA	CDK7	0	1.0	0.0
b1					96 h	96.0	h	MCF7	TRCN0000000594	3	0.34	101	0.187383	0.0	""""""""""""""""""""""""""""""""""	0.0	0.0	0.332379	0.536376	6.56	25.2656	1	1	TRCN0000000594	KDA003_MCF7_96H:TRCN0000000594:-666	trt_sh	MCF7	D13	KDA003_MCF7_96H_X1_B1_DUO45HI44LO|KDA003_MCF7_96H_X2_B1_DUO45HI44LO|KDA003_MCF7_96H_X3_B1_DUO45HI44LO	KDA003_MCF7_96H_X1_B1_DUO45HI44LO:D13|KDA003_MCF7_96H_X2_B1_DUO45HI44LO:D13|KDA003_MCF7_96H_X3_B1_DUO45HI44LO:D13		KDA	CDK7	0	1.0	0.0
b1					144 h	144.0	h	MCF7	TRCN0000000595	3	0.36	175	0.253805	0.0	""""""""""""""""""""""""""""""""""	1.47059	0.666667	0.255749	0.457941	6.28	24.1746	1	1	TRCN0000000595	KDA003_MCF7_144H:TRCN0000000595:-666	trt_sh	MCF7	P15	KDA003_MCF7_144H_X1_B1_DUO44HI45LO|KDA003_MCF7_144H_X2_B1_DUO45HI44LO|KDA003_MCF7_144H_X3_B1_DUO45HI44LO	KDA003_MCF7_144H_X1_B1_DUO44HI45LO:P15|KDA003_MCF7_144H_X2_B1_DUO45HI44LO:P15|KDA003_MCF7_144H_X3_B1_DUO45HI44LO:P15		KDA	CDK7	0	1.0	0.0
b2					96 h	96.0	h	HEPG2	TRCN0000000592	3	0.33	100	0.183691	0.0	""""""""""""""""""""""""""""""""""	2.2988	0.94086	0.307478	0.542756	10.45	44.6167	0	0	TRCN0000000592	KDA003_HEPG2_96H:TRCN0000000592:-666	trt_sh	HEPG2	F21	KDA003_HEPG2_96H_X1_B2_DUO53HI52LO|KDA003_HEPG2_96H_X2_B5_DUO52HI53LO|KDA003_HEPG2_96H_X4_B5_DUO52HI53LO	KDA003_HEPG2_96H_X1_B2_DUO53HI52LO:F21|KDA003_HEPG2_96H_X2_B5_DUO52HI53LO:F21|KDA003_HEPG2_96H_X4_B5_DUO52HI53LO:F21		KDA	CDK7	1	1.0	0.0
f1b5					96 h	96.0	h	HCC515	TRCN0000000594	2	0.16	59	0.0982464	11.8598	""""""""""""""""""""""""""""""""""	16.4792	13.1113	0.155111	0.372172	19.56	78.5817	0	0	TRCN0000000594	KDA003_HCC515_96H:TRCN0000000594:-666	trt_sh	HCC515	D13	KDA003_HCC515_96H_X2_F1B5_DUO52HI53LO|KDA003_HCC515_96H_X3_F2B4_DUO52HI53LO	KDA003_HCC515_96H_X2_F1B5_DUO52HI53LO:D13|KDA003_HCC515_96H_X3_F2B4_DUO52HI53LO:D13		KDA	CDK7	1	1.0	0.0
b3					96 h	96.0	h	A375	TRCN0000000592	2	-0.11	116	0.0108908	65.6	""""""""""""""""""""""""""""""""""	71.9202	23.0496	-0.106961	0.352649	16.47	69.9397	0	1	TRCN0000000592	KDA003_A375_96H:TRCN0000000592:-666	trt_sh	A375	F21	KDA003_A375_96H_X1_B3_DUO52HI53LO|KDA003_A375_96H_X3_B3_DUO52HI53LO	KDA003_A375_96H_X1_B3_DUO52HI53LO:F21|KDA003_A375_96H_X3_B3_DUO52HI53LO:F21		KDA	CDK7	0	0.0	0.0
f1b5					96 h	96.0	h	HCC515	TRCN0000000592	2	0.4	283	0.340215	0.539084	""""""""""""""""""""""""""""""""""	3.86039	6.40702	0.402287	0.509623	19.56	78.5817	0	0	TRCN0000000592	KDA003_HCC515_96H:TRCN0000000592:-666	trt_sh	HCC515	F21	KDA003_HCC515_96H_X2_F1B5_DUO52HI53LO|KDA003_HCC515_96H_X3_F2B4_DUO52HI53LO	KDA003_HCC515_96H_X2_F1B5_DUO52HI53LO:F21|KDA003_HCC515_96H_X3_F2B4_DUO52HI53LO:F21		KDA	CDK7	1	1.0	0.0
b3					96 h	96.0	h	A549	TRCN0000000592	3	0.44	566	0.504621	5.29197	""""""""""""""""""""""""""""""""""	7.77222	17.0125	0.0841513	0.38354	15.21	65.6331	0	0	TRCN0000000592	KDA003_A549_96H:TRCN0000000592:-666	trt_sh	A549	F21	KDA003_A549_96H_X1_B3_DUO52HI53LO|KDA003_A549_96H_X2_B3_DUO52HI53LO|KDA003_A549_96H_X3_B3_DUO52HI53LO	KDA003_A549_96H_X1_B3_DUO52HI53LO:F21|KDA003_A549_96H_X2_B3_DUO52HI53LO:F21|KDA003_A549_96H_X3_B3_DUO52HI53LO:F21		KDA	CDK7	1	1.0	0.0
b6					96 h	96.0	h	HA1E	TRCN0000000594	3	0.46	135	0.251986	0.0	""""""""""""""""""""""""""""""""""	0.0	0.0	0.347176	0.627704	8.4	33.7066	1	1	TRCN0000000594	KDA003_HA1E_96H:TRCN0000000594:-666	trt_sh	HA1E	D13	KDA003_HA1E_96H_X1_B6_DUO52HI53LO|KDA003_HA1E_96H_X2_B6_DUO52HI53LO|KDA003_HA1E_96H_X3_B6_DUO52HI53LO	KDA003_HA1E_96H_X1_B6_DUO52HI53LO:D13|KDA003_HA1E_96H_X2_B6_DUO52HI53LO:D13|KDA003_HA1E_96H_X3_B6_DUO52HI53LO:D13		KDA	CDK7	1	1.0	0.0
b1					96 h	96.0	h	MCF7	TRCN0000000595	3	0.57	306	0.422307	0.0	""""""""""""""""""""""""""""""""""	0.0	0.0	0.437899	0.656076	6.56	25.2656	1	1	TRCN0000000595	KDA003_MCF7_96H:TRCN0000000595:-666	trt_sh	MCF7	P15	KDA003_MCF7_96H_X1_B1_DUO45HI44LO|KDA003_MCF7_96H_X2_B1_DUO45HI44LO|KDA003_MCF7_96H_X3_B1_DUO45HI44LO	KDA003_MCF7_96H_X1_B1_DUO45HI44LO:P15|KDA003_MCF7_96H_X2_B1_DUO45HI44LO:P15|KDA003_MCF7_96H_X3_B1_DUO45HI44LO:P15		KDA	CDK7	1	1.0	0.0
b2					96 h	96.0	h	HEPG2	TRCN0000000595	3	0.5	210	0.327661	0.0	""""""""""""""""""""""""""""""""""	2.98913	0.815217	0.444976	0.666099	10.45	44.6167	0	0	TRCN0000000595	KDA003_HEPG2_96H:TRCN0000000595:-666	trt_sh	HEPG2	P15	KDA003_HEPG2_96H_X1_B2_DUO53HI52LO|KDA003_HEPG2_96H_X2_B5_DUO52HI53LO|KDA003_HEPG2_96H_X4_B5_DUO52HI53LO	KDA003_HEPG2_96H_X1_B2_DUO53HI52LO:P15|KDA003_HEPG2_96H_X2_B5_DUO52HI53LO:P15|KDA003_HEPG2_96H_X4_B5_DUO52HI53LO:P15		KDA	CDK7	1	1.0	0.0
b3					96 h	96.0	h	HT29	TRCN0000000592	4	0.26	145	0.196337	0.0667557	""""""""""""""""""""""""""""""""""	0.132979	0.0	0.254997	0.565751	0.0	0.0	1	1	TRCN0000000592	KDA003_HT29_96H:TRCN0000000592:-666	trt_sh	HT29	F21	KDA003_HT29_96H_X1_B3_DUO52HI53LO|KDA003_HT29_96H_X2_B3_DUO52HI53LO|KDA003_HT29_96H_X3_B3_DUO52HI53LO|KDA003_HT29_96H_X4_B5_DUO52HI53LO	KDA003_HT29_96H_X1_B3_DUO52HI53LO:F21|KDA003_HT29_96H_X2_B3_DUO52HI53LO:F21|KDA003_HT29_96H_X3_B3_DUO52HI53LO:F21|KDA003_HT29_96H_X4_B5_DUO52HI53LO:F21		KDA	CDK7	0	1.0	0.0
f1b4					120 h	120.0	h	VCAP	TRCN0000000594	3	0.26	192	0.225927	0.0	""""""""""""""""""""""""""""""""""	12.5	41.5221	0.0965426	0.207989	14.72	64.054	0	1	TRCN0000000594	KDA003_VCAP_120H:TRCN0000000594:-666	trt_sh	VCAP	D13	KDA003_VCAP_120H_X1_F1B4_DUO52HI53LO|KDA003_VCAP_120H_X2_F1B4_DUO52HI53LO|KDA003_VCAP_120H_X3_F1B4_DUO52HI53LO	KDA003_VCAP_120H_X1_F1B4_DUO52HI53LO:D13|KDA003_VCAP_120H_X2_F1B4_DUO52HI53LO:D13|KDA003_VCAP_120H_X3_F1B4_DUO52HI53LO:D13		KDA	CDK7	0	1.0	0.0
b3					96 h	96.0	h	HT29	TRCN0000000595	4	0.43	234	0.320754	0.0	""""""""""""""""""""""""""""""""""	0.0	0.0	0.428131	0.589344	0.0	0.0	1	1	TRCN0000000595	KDA003_HT29_96H:TRCN0000000595:-666	trt_sh	HT29	P15	KDA003_HT29_96H_X1_B3_DUO52HI53LO|KDA003_HT29_96H_X2_B3_DUO52HI53LO|KDA003_HT29_96H_X3_B3_DUO52HI53LO|KDA003_HT29_96H_X4_B5_DUO52HI53LO	KDA003_HT29_96H_X1_B3_DUO52HI53LO:P15|KDA003_HT29_96H_X2_B3_DUO52HI53LO:P15|KDA003_HT29_96H_X3_B3_DUO52HI53LO:P15|KDA003_HT29_96H_X4_B5_DUO52HI53LO:P15		KDA	CDK7	0	1.0	0.0
b1					144 h	144.0	h	MCF7	TRCN0000000592	3	0.31	100	0.178037	0.0	""""""""""""""""""""""""""""""""""	0.0	0.0	0.253022	0.542249	6.28	24.1746	1	1	TRCN0000000592	KDA003_MCF7_144H:TRCN0000000592:-666	trt_sh	MCF7	F21	KDA003_MCF7_144H_X1_B1_DUO44HI45LO|KDA003_MCF7_144H_X2_B1_DUO45HI44LO|KDA003_MCF7_144H_X3_B1_DUO45HI44LO	KDA003_MCF7_144H_X1_B1_DUO44HI45LO:F21|KDA003_MCF7_144H_X2_B1_DUO45HI44LO:F21|KDA003_MCF7_144H_X3_B1_DUO45HI44LO:F21		KDA	CDK7	1	1.0	0.0
b1					144 h	144.0	h	MCF7	TRCN0000000594	3	0.29	71	0.145097	0.0	""""""""""""""""""""""""""""""""""	0.13369	0.0	0.272151	0.525337	6.28	24.1746	1	1	TRCN0000000594	KDA003_MCF7_144H:TRCN0000000594:-666	trt_sh	MCF7	D13	KDA003_MCF7_144H_X1_B1_DUO44HI45LO|KDA003_MCF7_144H_X2_B1_DUO45HI44LO|KDA003_MCF7_144H_X3_B1_DUO45HI44LO	KDA003_MCF7_144H_X1_B1_DUO44HI45LO:D13|KDA003_MCF7_144H_X2_B1_DUO45HI44LO:D13|KDA003_MCF7_144H_X3_B1_DUO45HI44LO:D13		KDA	CDK7	1	1.0	0.0
b3					96 h	96.0	h	HT29	TRCN0000000592	3	0.3541	135	0.221086	0.0221435	0.36,0.28,0.36	0.132979	0.0	0.254997	0.565751	18.21	74.878	1	1	TRCN0000000592	KDA003_HT29_96H:F21	trt_sh	HT29	F21	KDA003_HT29_96H_X1_B3_DUO52HI53LO|KDA003_HT29_96H_X2_B3_DUO52HI53LO|KDA003_HT29_96H_X3_B3_DUO52HI53LO	KDA003_HT29_96H_X1_B3_DUO52HI53LO:F21|KDA003_HT29_96H_X2_B3_DUO52HI53LO:F21|KDA003_HT29_96H_X3_B3_DUO52HI53LO:F21		KDA	CDK7	1	1.0	0.0
b1					96 h	96.0	h	MCF7	TRCN0000000592	3	0.54	145	0.282951	0.0	""""""""""""""""""""""""""""""""""	0.0	0.0	0.344593	0.578991	6.56	25.2656	1	1	TRCN0000000592	KDA003_MCF7_96H:TRCN0000000592:-666	trt_sh	MCF7	F21	KDA003_MCF7_96H_X1_B1_DUO45HI44LO|KDA003_MCF7_96H_X2_B1_DUO45HI44LO|KDA003_MCF7_96H_X3_B1_DUO45HI44LO	KDA003_MCF7_96H_X1_B1_DUO45HI44LO:F21|KDA003_MCF7_96H_X2_B1_DUO45HI44LO:F21|KDA003_MCF7_96H_X3_B1_DUO45HI44LO:F21		KDA	CDK7	0	1.0	0.0
b3					96 h	96.0	h	A375	TRCN0000000594	2	0.1	91	0.0964609	26.2667	""""""""""""""""""""""""""""""""""	25.5621	21.7159	0.0962258	0.31206	16.47	69.9397	0	0	TRCN0000000594	KDA003_A375_96H:TRCN0000000594:-666	trt_sh	A375	D13	KDA003_A375_96H_X1_B3_DUO52HI53LO|KDA003_A375_96H_X3_B3_DUO52HI53LO	KDA003_A375_96H_X1_B3_DUO52HI53LO:D13|KDA003_A375_96H_X3_B3_DUO52HI53LO:D13		KDA	CDK7	1	1.0	0.0
b1					144 h	144.0	h	PC3	TRCN0000000595	3	0.52	322	0.413771	0.177148	""""""""""""""""""""""""""""""""""	0.0	0.0	0.0	0.0	0.0	0.0	0	1	TRCN0000000595	KDA003_PC3_144H:TRCN0000000595:-666	trt_sh	PC3	P15	KDA003_PC3_144H_X1_B1_DUO44HI45LO|KDA003_PC3_144H_X2_B1_DUO45HI44LO|KDA003_PC3_144H_X3_B1_DUO45HI44LO	KDA003_PC3_144H_X1_B1_DUO44HI45LO:P15|KDA003_PC3_144H_X2_B1_DUO45HI44LO:P15|KDA003_PC3_144H_X3_B1_DUO45HI44LO:P15		KDA	CDK7	0	1.0	0.0
b1					96 h	96.0	h	PC3	TRCN0000000592	3	0.6	203	0.352902	0.0	""""""""""""""""""""""""""""""""""	0.0	0.0	0.436981	0.704516	18.46	75.7106	1	1	TRCN0000000592	KDA003_PC3_96H:TRCN0000000592:-666	trt_sh	PC3	F21	KDA003_PC3_96H_X1_B1_DUO45HI44LO|KDA003_PC3_96H_X2_B1_DUO45HI44LO|KDA003_PC3_96H_X3_B1_DUO45HI44LO	KDA003_PC3_96H_X1_B1_DUO45HI44LO:F21|KDA003_PC3_96H_X2_B1_DUO45HI44LO:F21|KDA003_PC3_96H_X3_B1_DUO45HI44LO:F21		KDA	CDK7	1	1.0	0.0
b2					96 h	96.0	h	HEPG2	TRCN0000000594	3	0.16	138	0.150255	1.9802	""""""""""""""""""""""""""""""""""	66.137	12.2806	-0.0283713	0.43866	10.45	44.6167	0	1	TRCN0000000594	KDA003_HEPG2_96H:TRCN0000000594:-666	trt_sh	HEPG2	D13	KDA003_HEPG2_96H_X1_B2_DUO53HI52LO|KDA003_HEPG2_96H_X2_B5_DUO52HI53LO|KDA003_HEPG2_96H_X4_B5_DUO52HI53LO	KDA003_HEPG2_96H_X1_B2_DUO53HI52LO:D13|KDA003_HEPG2_96H_X2_B5_DUO52HI53LO:D13|KDA003_HEPG2_96H_X4_B5_DUO52HI53LO:D13		KDA	CDK7	1	1.0	0.0
b1					96 h	96.0	h	PC3	TRCN0000000594	3	0.25	127	0.180178	0.0	""""""""""""""""""""""""""""""""""	4.6532	0.664541	0.201394	0.522618	18.46	75.7106	1	1	TRCN0000000594	KDA003_PC3_96H:TRCN0000000594:-666	trt_sh	PC3	D13	KDA003_PC3_96H_X1_B1_DUO45HI44LO|KDA003_PC3_96H_X2_B1_DUO45HI44LO|KDA003_PC3_96H_X3_B1_DUO45HI44LO	KDA003_PC3_96H_X1_B1_DUO45HI44LO:D13|KDA003_PC3_96H_X2_B1_DUO45HI44LO:D13|KDA003_PC3_96H_X3_B1_DUO45HI44LO:D13		KDA	CDK7	0	1.0	0.0
b3					96 h	96.0	h	HT29	TRCN0000000595	3	0.4426	221	0.316251	0.0	0.31,0.32,0.37	0.0	0.0	0.428131	0.589344	18.21	74.878	1	1	TRCN0000000595	KDA003_HT29_96H:P15	trt_sh	HT29	P15	KDA003_HT29_96H_X1_B3_DUO52HI53LO|KDA003_HT29_96H_X2_B3_DUO52HI53LO|KDA003_HT29_96H_X3_B3_DUO52HI53LO	KDA003_HT29_96H_X1_B3_DUO52HI53LO:P15|KDA003_HT29_96H_X2_B3_DUO52HI53LO:P15|KDA003_HT29_96H_X3_B3_DUO52HI53LO:P15		KDA	CDK7	1	1.0	0.0
b1					144 h	144.0	h	PC3	TRCN0000000595	3	0.5177	322	0.412855	0.841453	0.28,0.36,0.37	1.46667	2.26454	0.364264	0.521951	4.46	17.9443	1	1	TRCN0000000595	KDA003_PC3_144H:P15	trt_sh	PC3	P15	KDA003_PC3_144H_X1_B1_DUO44HI45LO|KDA003_PC3_144H_X2_B1_DUO45HI44LO|KDA003_PC3_144H_X3_B1_DUO45HI44LO	KDA003_PC3_144H_X1_B1_DUO44HI45LO:P15|KDA003_PC3_144H_X2_B1_DUO45HI44LO:P15|KDA003_PC3_144H_X3_B1_DUO45HI44LO:P15		KDA	CDK7	0	1.0	0.0
f1b4					120 h	120.0	h	VCAP	TRCN0000000592	2	0.01	139	0.0376997	43.0108	""""""""""""""""""""""""""""""""""	45.2754	70.239	0.0124669	0.0	14.72	64.054	0	0	TRCN0000000592	KDA003_VCAP_120H:TRCN0000000592:-666	trt_sh	VCAP	F21	KDA003_VCAP_120H_X1_F1B4_DUO52HI53LO|KDA003_VCAP_120H_X2_F1B4_DUO52HI53LO	KDA003_VCAP_120H_X1_F1B4_DUO52HI53LO:F21|KDA003_VCAP_120H_X2_F1B4_DUO52HI53LO:F21		KDA	CDK7	0	0.0	0.0
b3					96 h	96.0	h	HT29	TRCN0000000594	3	0.065	585	0.197181	12.2453	0.24,0.50,0.26	26.8819	33.0238	0.060368	0.229122	18.21	74.878	0	1	TRCN0000000594	KDA003_HT29_96H:D13	trt_sh	HT29	D13	KDA003_HT29_96H_X1_B3_DUO52HI53LO|KDA003_HT29_96H_X2_B3_DUO52HI53LO|KDA003_HT29_96H_X3_B3_DUO52HI53LO	KDA003_HT29_96H_X1_B3_DUO52HI53LO:D13|KDA003_HT29_96H_X2_B3_DUO52HI53LO:D13|KDA003_HT29_96H_X3_B3_DUO52HI53LO:D13		KDA	CDK7	1	1.0	0.0
f1b5					96 h	96.0	h	HCC515	TRCN0000000595	2	0.05	280	0.119645	31.2668	""""""""""""""""""""""""""""""""""	31.6668	87.1298	0.0487392	-0.136099	19.56	78.5817	0	0	TRCN0000000595	KDA003_HCC515_96H:TRCN0000000595:-666	trt_sh	HCC515	P15	KDA003_HCC515_96H_X2_F1B5_DUO52HI53LO|KDA003_HCC515_96H_X3_F2B4_DUO52HI53LO	KDA003_HCC515_96H_X2_F1B5_DUO52HI53LO:P15|KDA003_HCC515_96H_X3_F2B4_DUO52HI53LO:P15		KDA	CDK7	1	1.0	0.0
b6					96 h	96.0	h	HA1E	TRCN0000000595	3	0.63	204	0.362507	0.0	""""""""""""""""""""""""""""""""""	0.0	0.0	0.598349	0.795957	8.4	33.7066	1	1	TRCN0000000595	KDA003_HA1E_96H:TRCN0000000595:-666	trt_sh	HA1E	P15	KDA003_HA1E_96H_X1_B6_DUO52HI53LO|KDA003_HA1E_96H_X2_B6_DUO52HI53LO|KDA003_HA1E_96H_X3_B6_DUO52HI53LO	KDA003_HA1E_96H_X1_B6_DUO52HI53LO:P15|KDA003_HA1E_96H_X2_B6_DUO52HI53LO:P15|KDA003_HA1E_96H_X3_B6_DUO52HI53LO:P15		KDA	CDK7	1	1.0	0.0
b1					144 h	144.0	h	PC3	TRCN0000000594	3	0.43	105	0.214862	0.0	""""""""""""""""""""""""""""""""""	0.0	0.0	0.0	0.0	0.0	0.0	0	1	TRCN0000000594	KDA003_PC3_144H:TRCN0000000594:-666	trt_sh	PC3	D13	KDA003_PC3_144H_X1_B1_DUO44HI45LO|KDA003_PC3_144H_X2_B1_DUO45HI44LO|KDA003_PC3_144H_X3_B1_DUO45HI44LO	KDA003_PC3_144H_X1_B1_DUO44HI45LO:D13|KDA003_PC3_144H_X2_B1_DUO45HI44LO:D13|KDA003_PC3_144H_X3_B1_DUO45HI44LO:D13		KDA	CDK7	0	1.0	0.0
b6					96 h	96.0	h	HA1E	TRCN0000000592	3	0.49	117	0.242115	0.0	""""""""""""""""""""""""""""""""""	0.0	0.135501	0.368051	0.570794	8.4	33.7066	0	0	TRCN0000000592	KDA003_HA1E_96H:TRCN0000000592:-666	trt_sh	HA1E	F21	KDA003_HA1E_96H_X1_B6_DUO52HI53LO|KDA003_HA1E_96H_X2_B6_DUO52HI53LO|KDA003_HA1E_96H_X3_B6_DUO52HI53LO	KDA003_HA1E_96H_X1_B6_DUO52HI53LO:F21|KDA003_HA1E_96H_X2_B6_DUO52HI53LO:F21|KDA003_HA1E_96H_X3_B6_DUO52HI53LO:F21		KDA	CDK7	1	1.0	0.0
b1					96 h	96.0	h	PC3	TRCN0000000595	3	0.41	330	0.371946	0.0	""""""""""""""""""""""""""""""""""	0.0	0.0	0.403601	0.670937	18.46	75.7106	1	1	TRCN0000000595	KDA003_PC3_96H:TRCN0000000595:-666	trt_sh	PC3	P15	KDA003_PC3_96H_X1_B1_DUO45HI44LO|KDA003_PC3_96H_X2_B1_DUO45HI44LO|KDA003_PC3_96H_X3_B1_DUO45HI44LO	KDA003_PC3_96H_X1_B1_DUO45HI44LO:P15|KDA003_PC3_96H_X2_B1_DUO45HI44LO:P15|KDA003_PC3_96H_X3_B1_DUO45HI44LO:P15		KDA	CDK7	1	1.0	0.0
b1					144 h	144.0	h	PC3	TRCN0000000594	3	0.4276	105	0.214261	0.0	0.29,0.38,0.33	0.0	0.0	0.374429	0.489673	4.46	17.9443	1	1	TRCN0000000594	KDA003_PC3_144H:D13	trt_sh	PC3	D13	KDA003_PC3_144H_X1_B1_DUO44HI45LO|KDA003_PC3_144H_X2_B1_DUO45HI44LO|KDA003_PC3_144H_X3_B1_DUO45HI44LO	KDA003_PC3_144H_X1_B1_DUO44HI45LO:D13|KDA003_PC3_144H_X2_B1_DUO45HI44LO:D13|KDA003_PC3_144H_X3_B1_DUO45HI44LO:D13		KDA	CDK7	1	1.0	0.0
b3					96 h	96.0	h	A549	TRCN0000000594	3	0.27	126	0.186508	4.10584	""""""""""""""""""""""""""""""""""	5.27066	13.6544	0.230281	0.385277	15.21	65.6331	0	0	TRCN0000000594	KDA003_A549_96H:TRCN0000000594:-666	trt_sh	A549	D13	KDA003_A549_96H_X1_B3_DUO52HI53LO|KDA003_A549_96H_X2_B3_DUO52HI53LO|KDA003_A549_96H_X3_B3_DUO52HI53LO	KDA003_A549_96H_X1_B3_DUO52HI53LO:D13|KDA003_A549_96H_X2_B3_DUO52HI53LO:D13|KDA003_A549_96H_X3_B3_DUO52HI53LO:D13		KDA	CDK7	1	1.0	0.0
b2					120 h	120.0	h	VCAP	TRCN0000000594	3	0.33	108	0.190897	0.269784	""""""""""""""""""""""""""""""""""	11.6307	1.34482	0.15326	0.495962	9.02	37.0945	1	1	TRCN0000000594	ERGK001_VCAP_120H:TRCN0000000594:-666	trt_sh	VCAP	J01	ERGK001_VCAP_120H_X1_B2_DUO52HI53LO|ERGK001_VCAP_120H_X2_B3_DUO52HI53LO|ERGK001_VCAP_120H_X3_B3_DUO52HI53LO	ERGK001_VCAP_120H_X1_B2_DUO52HI53LO:J01|ERGK001_VCAP_120H_X2_B3_DUO52HI53LO:J01|ERGK001_VCAP_120H_X3_B3_DUO52HI53LO:J01		ERGK	CDK7	1	1.0	0.0
b2					120 h	120.0	h	VCAP	TRCN0000000593	3	0.42	171	0.27099	0.0	""""""""""""""""""""""""""""""""""	0.0	0.0	0.346552	0.645865	9.02	37.0945	1	1	TRCN0000000593	ERGK001_VCAP_120H:TRCN0000000593:-666	trt_sh	VCAP	J11	ERGK001_VCAP_120H_X1_B2_DUO52HI53LO|ERGK001_VCAP_120H_X2_B3_DUO52HI53LO|ERGK001_VCAP_120H_X3_B3_DUO52HI53LO	ERGK001_VCAP_120H_X1_B2_DUO52HI53LO:J11|ERGK001_VCAP_120H_X2_B3_DUO52HI53LO:J11|ERGK001_VCAP_120H_X3_B3_DUO52HI53LO:J11		ERGK	CDK7	1	1.0	0.0
b2					120 h	120.0	h	VCAP	TRCN0000000595	3	0.42	159	0.261309	0.0	""""""""""""""""""""""""""""""""""	0.0	0.0	0.384932	0.616313	9.02	37.0945	1	1	TRCN0000000595	ERGK001_VCAP_120H:TRCN0000000595:-666	trt_sh	VCAP	H07	ERGK001_VCAP_120H_X1_B2_DUO52HI53LO|ERGK001_VCAP_120H_X2_B3_DUO52HI53LO|ERGK001_VCAP_120H_X3_B3_DUO52HI53LO	ERGK001_VCAP_120H_X1_B2_DUO52HI53LO:H07|ERGK001_VCAP_120H_X2_B3_DUO52HI53LO:H07|ERGK001_VCAP_120H_X3_B3_DUO52HI53LO:H07		ERGK	CDK7	1	1.0	0.0
b2					120 h	120.0	h	VCAP	TRCN0000000592	3	0.29	143	0.20592	0.0	""""""""""""""""""""""""""""""""""	0.0	0.540925	0.241218	0.489644	9.02	37.0945	1	1	TRCN0000000592	ERGK001_VCAP_120H:TRCN0000000592:-666	trt_sh	VCAP	F13	ERGK001_VCAP_120H_X1_B2_DUO52HI53LO|ERGK001_VCAP_120H_X2_B3_DUO52HI53LO|ERGK001_VCAP_120H_X3_B3_DUO52HI53LO	ERGK001_VCAP_120H_X1_B2_DUO52HI53LO:F13|ERGK001_VCAP_120H_X2_B3_DUO52HI53LO:F13|ERGK001_VCAP_120H_X3_B3_DUO52HI53LO:F13		ERGK	CDK7	1	1.0	0.0
b2					120 h	120.0	h	VCAP	TRCN0000000596	3	0.6	314	0.438905	0.0	""""""""""""""""""""""""""""""""""	0.0	0.273224	0.542724	0.622055	9.02	37.0945	1	1	TRCN0000000596	ERGK001_VCAP_120H:TRCN0000000596:-666	trt_sh	VCAP	B09	ERGK001_VCAP_120H_X1_B2_DUO52HI53LO|ERGK001_VCAP_120H_X2_B3_DUO52HI53LO|ERGK001_VCAP_120H_X3_B3_DUO52HI53LO	ERGK001_VCAP_120H_X1_B2_DUO52HI53LO:B09|ERGK001_VCAP_120H_X2_B3_DUO52HI53LO:B09|ERGK001_VCAP_120H_X3_B3_DUO52HI53LO:B09		ERGK	CDK7	1	1.0	0.0
